,id,application_date,tot_claim_cnt_l180d,disb_bank_loan_wo_tbc,day_sinlastloan
0,2925210.0,2024-02-12 19:22:46.652000+00:00,-3,-1,-1
1,2925211.0,2024-02-12 19:24:29.135000+00:00,58,0,427
2,2925212.0,2024-02-12 19:24:41.493000+00:00,-3,-1,-1
3,2925213.0,2024-02-12 19:24:29.135000+00:00,58,0,427
4,2925214.0,2024-02-12 19:24:56.857000+00:00,-3,-1,-1
5,2925215.0,2024-02-12 19:25:10.176000+00:00,58,0,427
6,2925216.0,2024-02-12 19:25:10.176000+00:00,58,0,427
7,2925217.0,2024-02-12 19:39:43.431000+00:00,-3,-1,-1
8,2925218.0,2024-02-12 19:40:15.507000+00:00,13,0,288
9,2925219.0,2024-02-12 19:40:21.729000+00:00,-3,-1,-1
10,2925220.0,2024-02-12 19:40:15.507000+00:00,13,0,288
11,2925221.0,2024-02-12 19:40:33.233000+00:00,-3,-1,-1
12,2925222.0,2024-02-12 19:40:43.421000+00:00,13,0,288
13,2925223.0,2024-02-12 19:40:45.689000+00:00,-3,-1,-1
14,2925224.0,2024-02-12 19:40:43.421000+00:00,13,0,288
15,2925225.0,2024-02-12 19:40:59.168000+00:00,-3,-1,-1
16,2925226.0,2024-02-12 19:42:17.995000+00:00,-3,-1,-1
17,2925227.0,2024-02-12 19:42:18.189000+00:00,13,0,288
18,2925228.0,2024-02-12 19:42:18.189000+00:00,13,0,288
19,2925229.0,2024-02-12 19:42:41.931000+00:00,-3,-1,-1
20,2925230.0,2024-02-13 03:24:50.390000+00:00,-3,-1,-1
21,2925231.0,2024-02-13 03:25:23.976000+00:00,12,2537851751,170
22,2925232.0,2024-02-13 03:25:23.976000+00:00,12,2537851751,170
23,2925233.0,2024-02-13 03:40:58.283000+00:00,-3,-1,-1
24,2925234.0,2024-02-13 03:41:40.303000+00:00,3,0,-1
25,2925235.0,2024-02-13 03:41:48.786000+00:00,-3,-1,-1
26,2925236.0,2024-02-13 03:41:40.303000+00:00,3,0,-1
27,2925237.0,2024-02-13 03:41:59.906000+00:00,-3,-1,-1
28,2925238.0,2024-02-13 03:42:10.012000+00:00,3,0,-1
29,2925239.0,2024-02-13 03:42:11.371000+00:00,-3,-1,-1
30,2925240.0,2024-02-13 03:42:10.012000+00:00,3,0,-1
31,2925241.0,2024-02-13 03:42:24.408000+00:00,-3,-1,-1
32,2925242.0,2024-02-13 03:50:40.478000+00:00,-3,-1,-1
33,2925243.0,2024-02-13 03:51:23.602000+00:00,20,559300000,158
34,2925244.0,2024-02-13 03:51:23.602000+00:00,20,559300000,158
35,2925245.0,2024-02-13 03:55:10.577000+00:00,-3,-1,-1
36,2925246.0,2024-02-13 03:55:31.382000+00:00,3,0,-1
37,2925247.0,2024-02-13 03:55:31.382000+00:00,3,0,-1
38,2925248.0,2024-02-13 03:55:54.423000+00:00,-3,-1,-1
39,2925249.0,2024-02-13 04:03:40.348000+00:00,-3,-1,-1
40,2925250.0,2024-02-13 04:04:11.928000+00:00,55,2176827289,38
41,2925251.0,2024-02-13 04:04:27.339000+00:00,-3,-1,-1
42,2925252.0,2024-02-13 04:04:11.928000+00:00,55,2176827289,38
43,2925253.0,2024-02-13 04:04:41.142000+00:00,-3,-1,-1
44,2925254.0,2024-02-13 04:05:02.726000+00:00,55,2176827289,38
45,2925255.0,2024-02-13 04:05:07.754000+00:00,-3,-1,-1
46,2925256.0,2024-02-13 04:05:02.726000+00:00,55,2176827289,38
47,2925257.0,2024-02-13 04:05:50.098000+00:00,1,0,-1
48,2925258.0,2024-02-13 04:05:56.254000+00:00,-3,-1,-1
49,2925259.0,2024-02-13 04:05:50.098000+00:00,1,0,-1
50,2925260.0,2024-02-13 04:06:07.770000+00:00,-3,-1,-1
51,2925261.0,2024-02-13 04:06:17.769000+00:00,1,0,-1
52,2925262.0,2024-02-13 04:06:17.769000+00:00,1,0,-1
53,2925263.0,2024-02-13 04:08:36.805000+00:00,-3,-1,-1
54,2925264.0,2024-02-13 04:09:08.616000+00:00,-3,-1,-1
55,2925265.0,2024-02-13 04:09:14.808000+00:00,-3,-1,-1
56,2925266.0,2024-02-13 04:09:08.616000+00:00,-3,-1,-1
57,2925267.0,2024-02-13 04:09:25.624000+00:00,-3,-1,-1
58,2925268.0,2024-02-13 04:09:38.451000+00:00,-3,-1,-1
59,2925269.0,2024-02-13 04:09:40.335000+00:00,-3,-1,-1
60,2925270.0,2024-02-13 04:09:38.451000+00:00,-3,-1,-1
61,2925271.0,2024-02-13 04:10:32.458000+00:00,-3,-1,-1
62,2925272.0,2024-02-13 04:10:32.739000+00:00,-3,-1,-1
63,2925273.0,2024-02-13 04:10:32.739000+00:00,-3,-1,-1
64,2925274.0,2024-02-13 04:10:44.133000+00:00,-3,-1,-1
65,2925275.0,2024-02-13 04:10:58.153000+00:00,-3,-1,-1
66,2925276.0,2024-02-13 04:11:15.752000+00:00,5,9905106700,69
67,2925277.0,2024-02-13 04:11:15.752000+00:00,5,9905106700,69
68,2925278.0,2024-02-13 04:12:16.089000+00:00,-3,-1,-1
69,2925279.0,2024-02-13 04:12:47.725000+00:00,15,1421662913,15
70,2925280.0,2024-02-13 04:12:57.565000+00:00,-3,-1,-1
71,2925281.0,2024-02-13 04:12:47.725000+00:00,15,1421662913,15
72,2925282.0,2024-02-13 04:13:12.467000+00:00,-3,-1,-1
73,2925283.0,2024-02-13 04:13:25.785000+00:00,15,1421662913,15
74,2925284.0,2024-02-13 04:13:25.785000+00:00,15,1421662913,15
75,2925285.0,2024-02-13 04:16:00.661000+00:00,-3,-1,-1
76,2925286.0,2024-02-13 04:16:32.527000+00:00,1,0,-1
77,2925287.0,2024-02-13 04:16:47.122000+00:00,-3,-1,-1
78,2925288.0,2024-02-13 04:16:32.527000+00:00,1,0,-1
79,2925289.0,2024-02-13 04:17:24.444000+00:00,-3,-1,-1
80,2925290.0,2024-02-13 04:17:26.002000+00:00,-3,-1,-1
81,2925291.0,2024-02-13 04:17:28.722000+00:00,5,233087600,141
82,2925292.0,2024-02-13 04:17:29.724000+00:00,-3,-1,-1
83,2925293.0,2024-02-13 04:17:28.722000+00:00,5,233087600,141
84,2925294.0,2024-02-13 04:17:40.880000+00:00,-3,-1,-1
85,2925295.0,2024-02-13 04:17:53.246000+00:00,5,233087600,141
86,2925296.0,2024-02-13 04:17:56.735000+00:00,-3,-1,-1
87,2925297.0,2024-02-13 04:17:56.931000+00:00,-3,-1,-1
88,2925298.0,2024-02-13 04:17:57.561000+00:00,16,300000000,19
89,2925299.0,2024-02-13 04:18:01.386000+00:00,-3,-1,-1
90,2925300.0,2024-02-13 04:17:53.246000+00:00,5,233087600,141
91,2925301.0,2024-02-13 04:18:04.989000+00:00,-3,-1,-1
92,2925302.0,2024-02-13 04:18:08.711000+00:00,-3,-1,-1
93,2925303.0,2024-02-13 04:17:56.735000+00:00,-3,-1,-1
94,2925304.0,2024-02-13 04:18:12.196000+00:00,-3,-1,-1
95,2925305.0,2024-02-13 04:17:57.561000+00:00,16,300000000,19
96,2925306.0,2024-02-13 04:18:18.516000+00:00,-3,-1,-1
97,2925307.0,2024-02-13 04:18:23.176000+00:00,-3,-1,-1
98,2925308.0,2024-02-13 04:18:24.316000+00:00,-3,-1,-1
99,2925309.0,2024-02-13 04:18:23.176000+00:00,-3,-1,-1
100,2925310.0,2024-02-13 04:18:36.233000+00:00,-3,-1,-1
101,2925311.0,2024-02-13 04:18:38.398000+00:00,2,0,-1
102,2925312.0,2024-02-13 04:18:41.623000+00:00,16,300000000,19
103,2925313.0,2024-02-13 04:18:42.069000+00:00,-3,-1,-1
104,2925314.0,2024-02-13 04:18:38.398000+00:00,2,0,-1
105,2925315.0,2024-02-13 04:18:52.472000+00:00,-3,-1,-1
106,2925316.0,2024-02-13 04:18:41.623000+00:00,16,300000000,19
107,2925317.0,2024-02-13 04:19:00.761000+00:00,-3,-1,-1
108,2925318.0,2024-02-13 04:19:07.049000+00:00,-3,-1,-1
109,2925319.0,2024-02-13 04:19:14.616000+00:00,2,0,-1
110,2925320.0,2024-02-13 04:19:00.761000+00:00,-3,-1,-1
111,2925321.0,2024-02-13 04:19:17.690000+00:00,-3,-1,-1
112,2925322.0,2024-02-13 04:19:14.616000+00:00,2,0,-1
113,2925323.0,2024-02-13 04:19:38.945000+00:00,-3,-1,-1
114,2925324.0,2024-02-13 04:19:38.945000+00:00,-3,-1,-1
115,2925325.0,2024-02-13 04:19:51.665000+00:00,-3,-1,-1
116,2925326.0,2024-02-13 04:20:24.691000+00:00,2,0,-1
117,2925327.0,2024-02-13 04:20:28.238000+00:00,-3,-1,-1
118,2925328.0,2024-02-13 04:20:33.125000+00:00,-3,-1,-1
119,2925329.0,2024-02-13 04:20:24.691000+00:00,2,0,-1
120,2925330.0,2024-02-13 04:20:39.235000+00:00,-3,-1,-1
121,2925331.0,2024-02-13 04:20:50.741000+00:00,2,0,-1
122,2925332.0,2024-02-13 04:20:50.741000+00:00,2,0,-1
123,2925333.0,2024-02-13 04:21:14.833000+00:00,1,0,1730
124,2925334.0,2024-02-13 04:21:27.925000+00:00,-3,-1,-1
125,2925335.0,2024-02-13 04:21:14.833000+00:00,1,0,1730
126,2925336.0,2024-02-13 04:21:35.335000+00:00,-3,-1,-1
127,2925337.0,2024-02-13 04:21:46.892000+00:00,-3,-1,-1
128,2925338.0,2024-02-13 04:21:47.118000+00:00,-3,-1,-1
129,2925339.0,2024-02-13 04:21:47.118000+00:00,-3,-1,-1
130,2925340.0,2024-02-13 04:22:06.863000+00:00,2,0,726
131,2925341.0,2024-02-13 04:22:12.238000+00:00,-3,-1,-1
132,2925342.0,2024-02-13 04:22:14.202000+00:00,-3,-1,-1
133,2925343.0,2024-02-13 04:22:19.610000+00:00,-3,0,-1
134,2925344.0,2024-02-13 04:22:06.863000+00:00,2,0,726
135,2925345.0,2024-02-13 04:22:25.909000+00:00,-3,-1,-1
136,2925346.0,2024-02-13 04:22:26.367000+00:00,-3,-1,-1
137,2925347.0,2024-02-13 04:22:19.610000+00:00,-3,0,-1
138,2925348.0,2024-02-13 04:22:36.953000+00:00,-3,-1,-1
139,2925349.0,2024-02-13 04:22:47.668000+00:00,-3,0,-1
140,2925350.0,2024-02-13 04:22:47.766000+00:00,2,0,726
141,2925351.0,2024-02-13 04:22:48.842000+00:00,-3,-1,-1
142,2925352.0,2024-02-13 04:22:47.766000+00:00,2,0,726
143,2925353.0,2024-02-13 04:22:47.668000+00:00,-3,0,-1
144,2925354.0,2024-02-13 04:23:00.689000+00:00,-3,-1,-1
145,2925355.0,2024-02-13 04:24:34.247000+00:00,-3,-1,-1
146,2925356.0,2024-02-13 04:24:34.488000+00:00,-3,0,-1
147,2925357.0,2024-02-13 04:24:34.488000+00:00,-3,0,-1
148,2925358.0,2024-02-13 04:25:01.912000+00:00,-3,-1,-1
149,2925359.0,2024-02-13 04:27:08.410000+00:00,-3,-1,-1
150,2925360.0,2024-02-13 04:27:50.151000+00:00,7,0,-1
151,2925361.0,2024-02-13 04:27:57.201000+00:00,-3,-1,-1
152,2925362.0,2024-02-13 04:27:50.151000+00:00,7,0,-1
153,2925363.0,2024-02-13 04:28:07.926000+00:00,-3,-1,-1
154,2925364.0,2024-02-13 04:28:29.262000+00:00,7,0,-1
155,2925365.0,2024-02-13 04:28:35.758000+00:00,-3,-1,-1
156,2925366.0,2024-02-13 04:28:29.262000+00:00,7,0,-1
157,2925367.0,2024-02-13 04:29:00.520000+00:00,-3,-1,-1
158,2925368.0,2024-02-13 04:29:07.843000+00:00,-3,0,434
159,2925369.0,2024-02-13 04:29:13.698000+00:00,-3,-1,-1
160,2925370.0,2024-02-13 04:29:07.843000+00:00,-3,0,434
161,2925371.0,2024-02-13 04:29:24.720000+00:00,-3,-1,-1
162,2925372.0,2024-02-13 04:29:37.337000+00:00,-3,0,434
163,2925373.0,2024-02-13 04:29:43.968000+00:00,-3,-1,-1
164,2925374.0,2024-02-13 04:29:37.337000+00:00,-3,0,434
165,2925375.0,2024-02-13 04:29:43.968000+00:00,-3,-1,-1
166,2925376.0,2024-02-13 04:31:07.039000+00:00,-3,-1,-1
167,2925377.0,2024-02-13 04:31:49.036000+00:00,-3,19384938046,209
168,2925378.0,2024-02-13 04:31:54.262000+00:00,-3,-1,-1
169,2925379.0,2024-02-13 04:31:49.036000+00:00,-3,19384938046,209
170,2925380.0,2024-02-13 04:32:05.836000+00:00,-3,-1,-1
171,2925381.0,2024-02-13 04:32:21.395000+00:00,-3,-1,-1
172,2925382.0,2024-02-13 04:32:27.973000+00:00,-3,19384938046,209
173,2925383.0,2024-02-13 04:32:27.973000+00:00,-3,19384938046,209
174,2925384.0,2024-02-13 04:32:55.966000+00:00,1,10308484000,22
175,2925385.0,2024-02-13 04:32:55.966000+00:00,1,10308484000,22
176,2925386.0,2024-02-13 04:35:26.297000+00:00,-3,-1,-1
177,2925387.0,2024-02-13 04:35:35.119000+00:00,-3,-1,-1
178,2925388.0,2024-02-13 04:35:57.698000+00:00,7,3225259367,173
179,2925389.0,2024-02-13 04:36:05.736000+00:00,-3,-1,-1
180,2925390.0,2024-02-13 04:36:06.350000+00:00,-3,-1,-1
181,2925391.0,2024-02-13 04:36:10.684000+00:00,-3,-1,-1
182,2925392.0,2024-02-13 04:35:57.698000+00:00,7,3225259367,173
183,2925393.0,2024-02-13 04:36:17.946000+00:00,-3,-1,-1
184,2925394.0,2024-02-13 04:36:06.350000+00:00,-3,-1,-1
185,2925395.0,2024-02-13 04:36:21.441000+00:00,-3,-1,-1
186,2925396.0,2024-02-13 04:36:27.640000+00:00,7,3225259367,173
187,2925397.0,2024-02-13 04:36:33.583000+00:00,-3,-1,-1
188,2925398.0,2024-02-13 04:36:27.640000+00:00,7,3225259367,173
189,2925399.0,2024-02-13 04:36:33.583000+00:00,-3,-1,-1
190,2925400.0,2024-02-13 04:38:19.146000+00:00,-3,-1,-1
191,2925401.0,2024-02-13 04:38:24.517000+00:00,-3,-1,-1
192,2925402.0,2024-02-13 04:38:56.269000+00:00,3,0,993
193,2925403.0,2024-02-13 04:39:00.502000+00:00,2,28399988003,888
194,2925404.0,2024-02-13 04:39:03.815000+00:00,-3,-1,-1
195,2925405.0,2024-02-13 04:39:06.718000+00:00,-3,-1,-1
196,2925406.0,2024-02-13 04:38:56.269000+00:00,3,0,993
197,2925407.0,2024-02-13 04:39:16.085000+00:00,-3,-1,-1
198,2925408.0,2024-02-13 04:39:00.502000+00:00,2,28399988003,888
199,2925409.0,2024-02-13 04:39:17.280000+00:00,-3,-1,-1
200,2925410.0,2024-02-13 04:39:19.772000+00:00,-3,-1,-1
201,2925411.0,2024-02-13 04:39:27.271000+00:00,3,0,993
202,2925412.0,2024-02-13 04:39:30.198000+00:00,-3,-1,-1
203,2925413.0,2024-02-13 04:39:34.629000+00:00,2,28399988003,888
204,2925414.0,2024-02-13 04:39:39.036000+00:00,-3,-1,-1
205,2925415.0,2024-02-13 04:39:27.271000+00:00,3,0,993
206,2925416.0,2024-02-13 04:39:43.633000+00:00,-3,-1,-1
207,2925417.0,2024-02-13 04:39:34.629000+00:00,2,28399988003,888
208,2925418.0,2024-02-13 04:39:59.240000+00:00,-3,389592220,471
209,2925419.0,2024-02-13 04:40:09.678000+00:00,-3,-1,-1
210,2925420.0,2024-02-13 04:39:59.240000+00:00,-3,389592220,471
211,2925421.0,2024-02-13 04:40:20.570000+00:00,5,8065950137,123
212,2925422.0,2024-02-13 04:40:22.723000+00:00,-3,-1,-1
213,2925423.0,2024-02-13 04:40:37.598000+00:00,-3,389592220,471
214,2925424.0,2024-02-13 04:40:20.570000+00:00,5,8065950137,123
215,2925425.0,2024-02-13 04:40:39.708000+00:00,-3,-1,-1
216,2925426.0,2024-02-13 04:40:37.598000+00:00,-3,389592220,471
217,2925427.0,2024-02-13 04:40:51.745000+00:00,-3,-1,-1
218,2925428.0,2024-02-13 04:41:03.417000+00:00,-3,-1,-1
219,2925429.0,2024-02-13 04:41:34.901000+00:00,6,0,700
220,2925430.0,2024-02-13 04:41:34.901000+00:00,6,0,700
221,2925431.0,2024-02-13 04:45:09.620000+00:00,-3,-1,-1
222,2925432.0,2024-02-13 04:45:20.412000+00:00,-3,389592220,471
223,2925433.0,2024-02-13 04:45:20.412000+00:00,-3,389592220,471
224,2925434.0,2024-02-13 04:45:42.782000+00:00,-3,-1,-1
225,2925435.0,2024-02-13 04:46:05.619000+00:00,-3,-1,-1
226,2925436.0,2024-02-13 04:46:14.687000+00:00,4,700000000,6
227,2925437.0,2024-02-13 04:46:21.669000+00:00,-3,-1,-1
228,2925438.0,2024-02-13 04:46:14.687000+00:00,4,700000000,6
229,2925439.0,2024-02-13 04:46:32.578000+00:00,-3,-1,-1
230,2925440.0,2024-02-13 04:46:43.913000+00:00,4,700000000,6
231,2925441.0,2024-02-13 04:46:46.182000+00:00,-3,-1,-1
232,2925442.0,2024-02-13 04:46:43.913000+00:00,4,700000000,6
233,2925443.0,2024-02-13 04:47:28.550000+00:00,150,4348396530,159
234,2925444.0,2024-02-13 04:47:42.914000+00:00,-3,-1,-1
235,2925445.0,2024-02-13 04:48:14.541000+00:00,1,8150077272,281
236,2925446.0,2024-02-13 04:48:19.288000+00:00,-3,-1,-1
237,2925447.0,2024-02-13 04:48:14.541000+00:00,1,8150077272,281
238,2925448.0,2024-02-13 04:48:30.934000+00:00,-3,-1,-1
239,2925449.0,2024-02-13 04:48:42.392000+00:00,1,8150077272,281
240,2925450.0,2024-02-13 04:48:51.135000+00:00,-3,-1,-1
241,2925451.0,2024-02-13 04:48:42.392000+00:00,1,8150077272,281
242,2925452.0,2024-02-13 04:47:28.550000+00:00,150,4348396530,159
243,2925453.0,2024-02-13 04:49:18.909000+00:00,-3,-1,-1
244,2925454.0,2024-02-13 04:49:20.691000+00:00,-3,-1,-1
245,2925455.0,2024-02-13 04:49:21.261000+00:00,-3,-1,-1
246,2925456.0,2024-02-13 04:49:22.653000+00:00,4,1000000000,4
247,2925457.0,2024-02-13 04:49:27.749000+00:00,-3,-1,-1
248,2925458.0,2024-02-13 04:49:22.653000+00:00,4,1000000000,4
249,2925459.0,2024-02-13 04:49:38.938000+00:00,-3,-1,-1
250,2925460.0,2024-02-13 04:49:49.027000+00:00,4,1000000000,4
251,2925461.0,2024-02-13 04:49:50.802000+00:00,-3,-1,-1
252,2925462.0,2024-02-13 04:49:52.741000+00:00,3,0,-1
253,2925463.0,2024-02-13 04:50:00.288000+00:00,-3,-1,-1
254,2925464.0,2024-02-13 04:50:00.491000+00:00,6,307403141,125
255,2925465.0,2024-02-13 04:50:01.966000+00:00,3,0,-1
256,2925466.0,2024-02-13 04:49:49.027000+00:00,4,1000000000,4
257,2925467.0,2024-02-13 04:50:03.984000+00:00,-3,-1,-1
258,2925468.0,2024-02-13 04:49:52.741000+00:00,3,0,-1
259,2925469.0,2024-02-13 04:50:11.415000+00:00,-3,-1,-1
260,2925470.0,2024-02-13 04:50:13.139000+00:00,-3,-1,-1
261,2925471.0,2024-02-13 04:50:13.503000+00:00,-3,-1,-1
262,2925472.0,2024-02-13 04:50:00.491000+00:00,6,307403141,125
263,2925473.0,2024-02-13 04:50:01.966000+00:00,3,0,-1
264,2925474.0,2024-02-13 04:50:24.506000+00:00,-3,-1,-1
265,2925475.0,2024-02-13 04:50:24.940000+00:00,-3,-1,-1
266,2925476.0,2024-02-13 04:50:37.021000+00:00,6,307403141,125
267,2925477.0,2024-02-13 04:50:44.200000+00:00,3,0,-1
268,2925478.0,2024-02-13 04:50:37.021000+00:00,6,307403141,125
269,2925479.0,2024-02-13 04:50:44.200000+00:00,3,0,-1
270,2925480.0,2024-02-13 04:50:57.645000+00:00,3,0,-1
271,2925481.0,2024-02-13 04:51:05.145000+00:00,-3,-1,-1
272,2925482.0,2024-02-13 04:50:57.645000+00:00,3,0,-1
273,2925483.0,2024-02-13 04:51:19.872000+00:00,-3,-1,-1
274,2925484.0,2024-02-13 04:51:36.898000+00:00,2,0,187
275,2925485.0,2024-02-13 04:51:36.898000+00:00,2,0,187
276,2925486.0,2024-02-13 04:52:01.398000+00:00,2,3767550595,369
277,2925487.0,2024-02-13 04:52:03.602000+00:00,-3,-1,-1
278,2925488.0,2024-02-13 04:52:07.147000+00:00,-3,-1,-1
279,2925489.0,2024-02-13 04:52:11.617000+00:00,-3,-1,-1
280,2925490.0,2024-02-13 04:52:01.398000+00:00,2,3767550595,369
281,2925491.0,2024-02-13 04:52:18.517000+00:00,-3,-1,-1
282,2925492.0,2024-02-13 04:52:35.289000+00:00,1,1374999700,156
283,2925493.0,2024-02-13 04:52:40.644000+00:00,2,3767550595,369
284,2925494.0,2024-02-13 04:52:42.262000+00:00,-3,-1,-1
285,2925495.0,2024-02-13 04:52:42.959000+00:00,13,431182433,299
286,2925496.0,2024-02-13 04:52:49.197000+00:00,-3,-1,-1
287,2925497.0,2024-02-13 04:52:40.644000+00:00,2,3767550595,369
288,2925498.0,2024-02-13 04:52:35.289000+00:00,1,1374999700,156
289,2925499.0,2024-02-13 04:52:53.813000+00:00,-3,-1,-1
290,2925500.0,2024-02-13 04:52:42.959000+00:00,13,431182433,299
291,2925501.0,2024-02-13 04:52:59.357000+00:00,-3,-1,-1
292,2925502.0,2024-02-13 04:53:00.347000+00:00,-3,-1,-1
293,2925503.0,2024-02-13 04:53:11.954000+00:00,13,431182433,299
294,2925504.0,2024-02-13 04:53:15.811000+00:00,1,1374999700,156
295,2925505.0,2024-02-13 04:53:18.998000+00:00,-3,-1,-1
296,2925506.0,2024-02-13 04:53:11.954000+00:00,13,431182433,299
297,2925507.0,2024-02-13 04:53:15.811000+00:00,1,1374999700,156
298,2925508.0,2024-02-13 04:53:41.149000+00:00,4,7045370606,553
299,2925509.0,2024-02-13 04:53:41.149000+00:00,4,7045370606,553
300,2925510.0,2024-02-13 04:54:10.776000+00:00,5,3692414810,106
301,2925511.0,2024-02-13 04:54:18.281000+00:00,-3,-1,-1
302,2925512.0,2024-02-13 04:54:22.112000+00:00,-3,-1,-1
303,2925513.0,2024-02-13 04:54:10.776000+00:00,5,3692414810,106
304,2925514.0,2024-02-13 04:54:49.641000+00:00,2,41667400,680
305,2925515.0,2024-02-13 04:55:03.845000+00:00,150,4348396530,159
306,2925516.0,2024-02-13 04:54:49.641000+00:00,2,41667400,680
307,2925517.0,2024-02-13 04:55:08.802000+00:00,-3,-1,-1
308,2925518.0,2024-02-13 04:55:30.736000+00:00,-3,-1,-1
309,2925519.0,2024-02-13 04:55:40.580000+00:00,-3,-1,-1
310,2925520.0,2024-02-13 04:56:00.336000+00:00,1,0,1356
311,2925521.0,2024-02-13 04:56:12.376000+00:00,4,7045370606,553
312,2925522.0,2024-02-13 04:56:00.336000+00:00,1,0,1356
313,2925523.0,2024-02-13 04:56:21.891000+00:00,10,0,-1
314,2925524.0,2024-02-13 04:56:12.376000+00:00,4,7045370606,553
315,2925525.0,2024-02-13 04:56:26.975000+00:00,-3,-1,-1
316,2925526.0,2024-02-13 04:55:03.845000+00:00,150,4348396530,159
317,2925527.0,2024-02-13 04:56:21.891000+00:00,10,0,-1
318,2925528.0,2024-02-13 04:56:38.133000+00:00,-3,-1,-1
319,2925529.0,2024-02-13 04:56:39.453000+00:00,-3,-1,-1
320,2925530.0,2024-02-13 04:56:49.252000+00:00,10,0,-1
321,2925531.0,2024-02-13 04:56:49.845000+00:00,-3,-1,-1
322,2925532.0,2024-02-13 04:56:49.943000+00:00,4,1000000000,4
323,2925533.0,2024-02-13 04:56:51.458000+00:00,-3,-1,-1
324,2925534.0,2024-02-13 04:56:49.252000+00:00,10,0,-1
325,2925535.0,2024-02-13 04:56:49.943000+00:00,4,1000000000,4
326,2925536.0,2024-02-13 04:57:03.464000+00:00,-3,-1,-1
327,2925537.0,2024-02-13 04:57:18.656000+00:00,-3,-1,-1
328,2925538.0,2024-02-13 04:57:31.286000+00:00,9,136001300,29
329,2925539.0,2024-02-13 04:57:35.923000+00:00,-3,-1,-1
330,2925540.0,2024-02-13 04:57:31.286000+00:00,9,136001300,29
331,2925541.0,2024-02-13 04:57:46.854000+00:00,-3,-1,-1
332,2925542.0,2024-02-13 04:57:57.911000+00:00,9,136001300,29
333,2925543.0,2024-02-13 04:57:57.911000+00:00,9,136001300,29
334,2925544.0,2024-02-13 04:58:45.818000+00:00,-3,-1,-1
335,2925545.0,2024-02-13 04:59:17.213000+00:00,5,1008000000,113
336,2925546.0,2024-02-13 04:59:22.417000+00:00,-3,-1,-1
337,2925547.0,2024-02-13 04:59:23.711000+00:00,-3,-1,-1
338,2925548.0,2024-02-13 04:59:17.213000+00:00,5,1008000000,113
339,2925549.0,2024-02-13 04:59:36.393000+00:00,-3,-1,-1
340,2925550.0,2024-02-13 04:59:47.582000+00:00,5,1008000000,113
341,2925551.0,2024-02-13 04:59:53.736000+00:00,1,0,309
342,2925552.0,2024-02-13 04:59:47.582000+00:00,5,1008000000,113
343,2925553.0,2024-02-13 04:59:53.736000+00:00,1,0,309
344,2925554.0,2024-02-13 05:01:23.897000+00:00,-3,-1,-1
345,2925555.0,2024-02-13 05:01:31.328000+00:00,-3,-1,-1
346,2925556.0,2024-02-13 05:01:55.312000+00:00,-3,0,2497
347,2925557.0,2024-02-13 05:02:01.798000+00:00,-3,-1,-1
348,2925558.0,2024-02-13 05:02:02.608000+00:00,3,0,-1
349,2925559.0,2024-02-13 05:02:07.174000+00:00,-3,-1,-1
350,2925560.0,2024-02-13 05:01:55.312000+00:00,-3,0,2497
351,2925561.0,2024-02-13 05:02:13.343000+00:00,-3,-1,-1
352,2925562.0,2024-02-13 05:02:02.608000+00:00,3,0,-1
353,2925563.0,2024-02-13 05:02:17.847000+00:00,-3,-1,-1
354,2925564.0,2024-02-13 05:02:28.787000+00:00,3,0,-1
355,2925565.0,2024-02-13 05:02:35.270000+00:00,-3,0,2497
356,2925566.0,2024-02-13 05:02:28.787000+00:00,3,0,-1
357,2925567.0,2024-02-13 05:02:35.270000+00:00,-3,0,2497
358,2925568.0,2024-02-13 05:05:04.543000+00:00,-3,-1,-1
359,2925569.0,2024-02-13 05:05:19.424000+00:00,-3,-1,-1
360,2925570.0,2024-02-13 05:05:25.573000+00:00,7,3225259367,173
361,2925571.0,2024-02-13 05:05:25.573000+00:00,7,3225259367,173
362,2925572.0,2024-02-13 05:06:00.977000+00:00,2,364000000,34
363,2925573.0,2024-02-13 05:06:01.847000+00:00,-3,-1,-1
364,2925574.0,2024-02-13 05:06:05.528000+00:00,-3,-1,-1
365,2925575.0,2024-02-13 05:06:00.977000+00:00,2,364000000,34
366,2925576.0,2024-02-13 05:06:16.410000+00:00,-3,-1,-1
367,2925577.0,2024-02-13 05:06:37.581000+00:00,2,364000000,34
368,2925578.0,2024-02-13 05:06:37.581000+00:00,2,364000000,34
369,2925579.0,2024-02-13 05:07:07.203000+00:00,-3,-1,-1
370,2925580.0,2024-02-13 05:07:10.082000+00:00,-3,-1,-1
371,2925581.0,2024-02-13 05:07:30.791000+00:00,-3,-1,-1
372,2925582.0,2024-02-13 05:07:41.594000+00:00,12,11528774954,309
373,2925583.0,2024-02-13 05:07:48.546000+00:00,7,0,71
374,2925584.0,2024-02-13 05:07:50.628000+00:00,-3,-1,-1
375,2925585.0,2024-02-13 05:07:41.594000+00:00,12,11528774954,309
376,2925586.0,2024-02-13 05:07:48.546000+00:00,7,0,71
377,2925587.0,2024-02-13 05:08:22.709000+00:00,150,4348396530,159
378,2925588.0,2024-02-13 05:08:31.931000+00:00,2,0,934
379,2925589.0,2024-02-13 05:08:33.106000+00:00,-3,-1,-1
380,2925590.0,2024-02-13 05:08:31.931000+00:00,2,0,934
381,2925591.0,2024-02-13 05:08:44.817000+00:00,-3,-1,-1
382,2925592.0,2024-02-13 05:08:45.807000+00:00,-3,-1,-1
383,2925593.0,2024-02-13 05:08:57.660000+00:00,2,0,934
384,2925594.0,2024-02-13 05:08:59.148000+00:00,-3,-1,-1
385,2925595.0,2024-02-13 05:08:57.660000+00:00,2,0,934
386,2925596.0,2024-02-13 05:09:13.171000+00:00,-3,-1,-1
387,2925597.0,2024-02-13 05:09:17.713000+00:00,-3,456374022,186
388,2925598.0,2024-02-13 05:09:24.496000+00:00,-3,-1,-1
389,2925599.0,2024-02-13 05:09:34.385000+00:00,-3,-1,-1
390,2925600.0,2024-02-13 05:09:17.713000+00:00,-3,456374022,186
391,2925601.0,2024-02-13 05:09:36.109000+00:00,-3,-1,-1
392,2925602.0,2024-02-13 05:08:22.709000+00:00,150,4348396530,159
393,2925603.0,2024-02-13 05:09:58.388000+00:00,-3,456374022,186
394,2925604.0,2024-02-13 05:09:59.448000+00:00,-3,-1,-1
395,2925605.0,2024-02-13 05:10:05.943000+00:00,5,11013249426,54
396,2925606.0,2024-02-13 05:09:58.388000+00:00,-3,456374022,186
397,2925607.0,2024-02-13 05:10:05.943000+00:00,5,11013249426,54
398,2925608.0,2024-02-13 05:10:40.902000+00:00,-3,-1,-1
399,2925609.0,2024-02-13 05:10:47.002000+00:00,-3,-1,-1
400,2925610.0,2024-02-13 05:10:40.902000+00:00,-3,-1,-1
401,2925611.0,2024-02-13 05:10:58.163000+00:00,-3,-1,-1
402,2925612.0,2024-02-13 05:11:20.316000+00:00,-3,-1,-1
403,2925613.0,2024-02-13 05:11:20.316000+00:00,-3,-1,-1
404,2925614.0,2024-02-13 05:13:39.766000+00:00,-3,-1,-1
405,2925615.0,2024-02-13 05:14:21.241000+00:00,2,0,-1
406,2925616.0,2024-02-13 05:14:27.978000+00:00,-3,-1,-1
407,2925617.0,2024-02-13 05:14:21.241000+00:00,2,0,-1
408,2925618.0,2024-02-13 05:14:38.642000+00:00,-3,-1,-1
409,2925619.0,2024-02-13 05:14:49.380000+00:00,2,0,-1
410,2925620.0,2024-02-13 05:14:49.380000+00:00,2,0,-1
411,2925621.0,2024-02-13 05:15:24.782000+00:00,-3,-1,-1
412,2925622.0,2024-02-13 05:15:45.322000+00:00,-3,-1,-1
413,2925623.0,2024-02-13 05:15:56.390000+00:00,4,0,-1
414,2925624.0,2024-02-13 05:16:01.522000+00:00,-3,-1,-1
415,2925625.0,2024-02-13 05:15:56.390000+00:00,4,0,-1
416,2925626.0,2024-02-13 05:16:12.825000+00:00,-3,-1,-1
417,2925627.0,2024-02-13 05:16:16.917000+00:00,4,333333500,236
418,2925628.0,2024-02-13 05:16:22.952000+00:00,4,0,-1
419,2925629.0,2024-02-13 05:16:16.917000+00:00,4,333333500,236
420,2925630.0,2024-02-13 05:16:22.952000+00:00,4,0,-1
421,2925631.0,2024-02-13 05:16:39.544000+00:00,-3,-1,-1
422,2925632.0,2024-02-13 05:17:20.966000+00:00,1,0,-1
423,2925633.0,2024-02-13 05:17:26.425000+00:00,-3,-1,-1
424,2925634.0,2024-02-13 05:17:20.966000+00:00,1,0,-1
425,2925635.0,2024-02-13 05:17:37.288000+00:00,-3,-1,-1
426,2925636.0,2024-02-13 05:17:48.255000+00:00,1,0,-1
427,2925637.0,2024-02-13 05:17:48.906000+00:00,-3,-1,-1
428,2925638.0,2024-02-13 05:17:49.143000+00:00,-3,-1,-1
429,2925639.0,2024-02-13 05:17:48.255000+00:00,1,0,-1
430,2925640.0,2024-02-13 05:18:20.297000+00:00,13,0,13
431,2925641.0,2024-02-13 05:18:24.802000+00:00,-3,-1,-1
432,2925642.0,2024-02-13 05:18:25.777000+00:00,-3,-1,-1
433,2925643.0,2024-02-13 05:18:31.076000+00:00,1,591134623,177
434,2925644.0,2024-02-13 05:18:20.297000+00:00,13,0,13
435,2925645.0,2024-02-13 05:18:36.051000+00:00,-3,-1,-1
436,2925646.0,2024-02-13 05:18:38.060000+00:00,-3,-1,-1
437,2925647.0,2024-02-13 05:18:31.076000+00:00,1,591134623,177
438,2925648.0,2024-02-13 05:18:49.577000+00:00,-3,-1,-1
439,2925649.0,2024-02-13 05:18:50.196000+00:00,-3,-1,-1
440,2925650.0,2024-02-13 05:18:57.176000+00:00,2,3369374993,50
441,2925651.0,2024-02-13 05:18:58.229000+00:00,13,0,13
442,2925652.0,2024-02-13 05:18:58.630000+00:00,-3,-1,-1
443,2925653.0,2024-02-13 05:19:03.547000+00:00,1,591134623,177
444,2925654.0,2024-02-13 05:18:57.176000+00:00,2,3369374993,50
445,2925655.0,2024-02-13 05:18:58.229000+00:00,13,0,13
446,2925656.0,2024-02-13 05:19:10.014000+00:00,-3,-1,-1
447,2925657.0,2024-02-13 05:19:03.547000+00:00,1,591134623,177
448,2925658.0,2024-02-13 05:19:20.620000+00:00,-3,-1,-1
449,2925659.0,2024-02-13 05:19:20.692000+00:00,2,3369374993,50
450,2925660.0,2024-02-13 05:19:20.692000+00:00,2,3369374993,50
451,2925661.0,2024-02-13 05:19:31.785000+00:00,13,1947640089,15
452,2925662.0,2024-02-13 05:19:31.785000+00:00,13,1947640089,15
453,2925663.0,2024-02-13 05:19:55.544000+00:00,-3,-1,-1
454,2925664.0,2024-02-13 05:20:12.437000+00:00,10,0,4
455,2925665.0,2024-02-13 05:20:22.589000+00:00,-3,-1,-1
456,2925666.0,2024-02-13 05:20:27.076000+00:00,7,0,370
457,2925667.0,2024-02-13 05:20:32.133000+00:00,-3,-1,-1
458,2925668.0,2024-02-13 05:20:12.437000+00:00,10,0,4
459,2925669.0,2024-02-13 05:20:38.749000+00:00,-3,-1,-1
460,2925670.0,2024-02-13 05:20:27.076000+00:00,7,0,370
461,2925671.0,2024-02-13 05:20:44.029000+00:00,-3,-1,-1
462,2925672.0,2024-02-13 05:20:50.336000+00:00,10,0,4
463,2925673.0,2024-02-13 05:20:57.585000+00:00,7,0,370
464,2925674.0,2024-02-13 05:20:59.942000+00:00,-3,-1,-1
465,2925675.0,2024-02-13 05:20:50.336000+00:00,10,0,4
466,2925676.0,2024-02-13 05:20:57.585000+00:00,7,0,370
467,2925677.0,2024-02-13 05:21:12.622000+00:00,-3,-1,-1
468,2925678.0,2024-02-13 05:21:34.290000+00:00,-3,-1,-1
469,2925679.0,2024-02-13 05:21:55.160000+00:00,2,0,934
470,2925680.0,2024-02-13 05:21:55.160000+00:00,2,0,934
471,2925681.0,2024-02-13 05:22:22.495000+00:00,-3,-1,-1
472,2925682.0,2024-02-13 05:23:20.405000+00:00,-3,-1,-1
473,2925683.0,2024-02-13 05:23:20.583000+00:00,-3,-1,-1
474,2925684.0,2024-02-13 05:23:31.018000+00:00,1,591134623,177
475,2925685.0,2024-02-13 05:23:38.791000+00:00,-3,-1,-1
476,2925686.0,2024-02-13 05:23:31.018000+00:00,1,591134623,177
477,2925687.0,2024-02-13 05:24:02.142000+00:00,7,0,82
478,2925688.0,2024-02-13 05:24:05.611000+00:00,-3,-1,-1
479,2925689.0,2024-02-13 05:24:09.150000+00:00,-3,-1,-1
480,2925690.0,2024-02-13 05:24:10.303000+00:00,-3,-1,-1
481,2925691.0,2024-02-13 05:24:19.128000+00:00,-3,-1,-1
482,2925692.0,2024-02-13 05:24:02.142000+00:00,7,0,82
483,2925693.0,2024-02-13 05:24:21.224000+00:00,-3,-1,-1
484,2925694.0,2024-02-13 05:24:10.303000+00:00,-3,-1,-1
485,2925695.0,2024-02-13 05:24:29.737000+00:00,-3,-1,-1
486,2925696.0,2024-02-13 05:24:33.318000+00:00,7,0,82
487,2925697.0,2024-02-13 05:24:35.334000+00:00,-3,-1,-1
488,2925698.0,2024-02-13 05:24:41.077000+00:00,-3,-1,-1
489,2925699.0,2024-02-13 05:24:33.318000+00:00,7,0,82
490,2925700.0,2024-02-13 05:24:47.667000+00:00,-3,-1,-1
491,2925701.0,2024-02-13 05:24:41.077000+00:00,-3,-1,-1
492,2925702.0,2024-02-13 05:25:12.579000+00:00,-3,-1,-1
493,2925703.0,2024-02-13 05:25:15.262000+00:00,-3,-1,-1
494,2925704.0,2024-02-13 05:25:44.739000+00:00,-3,0,357
495,2925705.0,2024-02-13 05:25:45.156000+00:00,-3,-1,-1
496,2925706.0,2024-02-13 05:25:46.787000+00:00,18,1162641874,27
497,2925707.0,2024-02-13 05:25:50.286000+00:00,-3,-1,-1
498,2925708.0,2024-02-13 05:25:59.706000+00:00,-3,-1,-1
499,2925709.0,2024-02-13 05:25:44.739000+00:00,-3,0,357
500,2925710.0,2024-02-13 05:26:01.789000+00:00,-3,-1,-1
501,2925711.0,2024-02-13 05:25:46.787000+00:00,18,1162641874,27
502,2925712.0,2024-02-13 05:26:17.284000+00:00,1,-1,9
503,2925713.0,2024-02-13 05:26:23.765000+00:00,-3,0,357
504,2925714.0,2024-02-13 05:26:17.284000+00:00,1,-1,9
505,2925715.0,2024-02-13 05:26:33.288000+00:00,-3,-1,-1
506,2925716.0,2024-02-13 05:26:23.765000+00:00,-3,0,357
507,2925717.0,2024-02-13 05:26:41.208000+00:00,8,1361270216,421
508,2925718.0,2024-02-13 05:26:46.822000+00:00,-3,-1,-1
509,2925719.0,2024-02-13 05:26:41.208000+00:00,8,1361270216,421
510,2925720.0,2024-02-13 05:27:04.741000+00:00,2,0,-1
511,2925721.0,2024-02-13 05:27:11.145000+00:00,-3,-1,-1
512,2925722.0,2024-02-13 05:27:04.741000+00:00,2,0,-1
513,2925723.0,2024-02-13 05:27:22.538000+00:00,-3,-1,-1
514,2925724.0,2024-02-13 05:27:34.639000+00:00,2,0,-1
515,2925725.0,2024-02-13 05:27:38.744000+00:00,10,0,4
516,2925726.0,2024-02-13 05:27:41.686000+00:00,-3,-1,-1
517,2925727.0,2024-02-13 05:27:41.786000+00:00,-3,-1,-1
518,2925728.0,2024-02-13 05:27:42.915000+00:00,-3,-1,-1
519,2925729.0,2024-02-13 05:27:44.432000+00:00,-3,-1,-1
520,2925730.0,2024-02-13 05:27:34.639000+00:00,2,0,-1
521,2925731.0,2024-02-13 05:27:38.744000+00:00,10,0,4
522,2925732.0,2024-02-13 05:27:56.034000+00:00,-3,-1,-1
523,2925733.0,2024-02-13 05:27:59.867000+00:00,-3,-1,-1
524,2925734.0,2024-02-13 05:28:10.386000+00:00,10,0,4
525,2925735.0,2024-02-13 05:28:13.166000+00:00,-3,205400000,351
526,2925736.0,2024-02-13 05:28:14.420000+00:00,1,0,-1
527,2925737.0,2024-02-13 05:28:19.986000+00:00,-3,-1,-1
528,2925738.0,2024-02-13 05:28:23.518000+00:00,28,4491314039,56
529,2925739.0,2024-02-13 05:28:10.386000+00:00,10,0,4
530,2925740.0,2024-02-13 05:28:28.169000+00:00,2,1469998800,15
531,2925741.0,2024-02-13 05:28:13.166000+00:00,-3,205400000,351
532,2925742.0,2024-02-13 05:28:31.463000+00:00,-3,-1,-1
533,2925743.0,2024-02-13 05:28:32.317000+00:00,-3,-1,-1
534,2925744.0,2024-02-13 05:28:14.420000+00:00,1,0,-1
535,2925745.0,2024-02-13 05:28:44.832000+00:00,-3,205400000,351
536,2925746.0,2024-02-13 05:28:23.518000+00:00,28,4491314039,56
537,2925747.0,2024-02-13 05:28:28.169000+00:00,2,1469998800,15
538,2925748.0,2024-02-13 05:28:53.024000+00:00,-3,-1,-1
539,2925749.0,2024-02-13 05:28:44.832000+00:00,-3,205400000,351
540,2925750.0,2024-02-13 05:29:03.815000+00:00,5,707319423,223
541,2925751.0,2024-02-13 05:29:14.940000+00:00,-3,-1,-1
542,2925752.0,2024-02-13 05:29:18.463000+00:00,-3,-1,-1
543,2925753.0,2024-02-13 05:29:03.815000+00:00,5,707319423,223
544,2925754.0,2024-02-13 05:29:27.722000+00:00,-3,-1,-1
545,2925755.0,2024-02-13 05:29:40.077000+00:00,5,707319423,223
546,2925756.0,2024-02-13 05:29:53.023000+00:00,-3,-1,-1
547,2925757.0,2024-02-13 05:29:40.077000+00:00,5,707319423,223
548,2925758.0,2024-02-13 05:29:54.284000+00:00,-3,-1,-1
549,2925759.0,2024-02-13 05:29:59.943000+00:00,2,0,-1
550,2925760.0,2024-02-13 05:30:04.819000+00:00,-3,-1,-1
551,2925761.0,2024-02-13 05:30:07.727000+00:00,-3,-1,-1
552,2925762.0,2024-02-13 05:29:59.943000+00:00,2,0,-1
553,2925763.0,2024-02-13 05:30:16.566000+00:00,-3,-1,-1
554,2925764.0,2024-02-13 05:30:24.728000+00:00,3,0,0
555,2925765.0,2024-02-13 05:30:25.550000+00:00,5,0,-1
556,2925766.0,2024-02-13 05:30:25.846000+00:00,-3,-1,-1
557,2925767.0,2024-02-13 05:30:28.283000+00:00,2,0,-1
558,2925768.0,2024-02-13 05:30:33.873000+00:00,-3,-1,-1
559,2925769.0,2024-02-13 05:30:24.728000+00:00,3,0,0
560,2925770.0,2024-02-13 05:30:36.942000+00:00,-3,-1,-1
561,2925771.0,2024-02-13 05:30:28.283000+00:00,2,0,-1
562,2925772.0,2024-02-13 05:30:39.245000+00:00,3,0,1700
563,2925773.0,2024-02-13 05:30:25.550000+00:00,5,0,-1
564,2925774.0,2024-02-13 05:30:44.863000+00:00,-3,-1,-1
565,2925775.0,2024-02-13 05:30:45.861000+00:00,-3,-1,-1
566,2925776.0,2024-02-13 05:30:48.869000+00:00,3,0,0
567,2925777.0,2024-02-13 05:30:50.559000+00:00,-3,-1,-1
568,2925778.0,2024-02-13 05:30:51.861000+00:00,-3,-1,-1
569,2925779.0,2024-02-13 05:30:39.245000+00:00,3,0,1700
570,2925780.0,2024-02-13 05:30:58.146000+00:00,-3,-1,-1
571,2925781.0,2024-02-13 05:30:48.869000+00:00,3,0,0
572,2925782.0,2024-02-13 05:31:03.223000+00:00,-3,-1,-1
573,2925783.0,2024-02-13 05:31:06.422000+00:00,5,0,-1
574,2925784.0,2024-02-13 05:31:08.976000+00:00,-3,-1,-1
575,2925785.0,2024-02-13 05:31:09.444000+00:00,3,0,1700
576,2925786.0,2024-02-13 05:31:06.422000+00:00,5,0,-1
577,2925787.0,2024-02-13 05:31:09.444000+00:00,3,0,1700
578,2925788.0,2024-02-13 05:31:23.896000+00:00,-3,0,299
579,2925789.0,2024-02-13 05:31:29.650000+00:00,-3,-1,-1
580,2925790.0,2024-02-13 05:31:23.896000+00:00,-3,0,299
581,2925791.0,2024-02-13 05:31:40.797000+00:00,-3,-1,-1
582,2925792.0,2024-02-13 05:31:50.507000+00:00,8,0,51
583,2925793.0,2024-02-13 05:31:52.059000+00:00,-3,0,299
584,2925794.0,2024-02-13 05:31:54.163000+00:00,-3,-1,-1
585,2925795.0,2024-02-13 05:31:52.059000+00:00,-3,0,299
586,2925796.0,2024-02-13 05:31:50.507000+00:00,8,0,51
587,2925797.0,2024-02-13 05:32:04.984000+00:00,-3,-1,-1
588,2925798.0,2024-02-13 05:32:22.388000+00:00,-3,-1,-1
589,2925799.0,2024-02-13 05:32:24.984000+00:00,-3,-1,-1
590,2925800.0,2024-02-13 05:32:29.438000+00:00,8,0,51
591,2925801.0,2024-02-13 05:32:29.438000+00:00,8,0,51
592,2925802.0,2024-02-13 05:32:53.811000+00:00,2,0,-1
593,2925803.0,2024-02-13 05:32:56.344000+00:00,-3,-1,-1
594,2925804.0,2024-02-13 05:32:57.149000+00:00,-3,-1,-1
595,2925805.0,2024-02-13 05:33:02.749000+00:00,-3,-1,-1
596,2925806.0,2024-02-13 05:32:53.811000+00:00,2,0,-1
597,2925807.0,2024-02-13 05:33:08.175000+00:00,-3,-1,-1
598,2925808.0,2024-02-13 05:32:56.344000+00:00,-3,-1,-1
599,2925809.0,2024-02-13 05:33:13.711000+00:00,-3,-1,-1
600,2925810.0,2024-02-13 05:33:31.707000+00:00,2,0,-1
601,2925811.0,2024-02-13 05:33:37.831000+00:00,-3,-1,-1
602,2925812.0,2024-02-13 05:33:31.707000+00:00,2,0,-1
603,2925813.0,2024-02-13 05:33:37.831000+00:00,-3,-1,-1
604,2925814.0,2024-02-13 05:34:07.378000+00:00,-3,-1,-1
605,2925815.0,2024-02-13 05:34:16.822000+00:00,-3,-1,-1
606,2925816.0,2024-02-13 05:34:47.759000+00:00,-3,-1,-1
607,2925817.0,2024-02-13 05:34:48.761000+00:00,4,1121317,70
608,2925818.0,2024-02-13 05:34:53.499000+00:00,-3,-1,-1
609,2925819.0,2024-02-13 05:34:58.129000+00:00,-3,-1,807
610,2925820.0,2024-02-13 05:34:48.761000+00:00,4,1121317,70
611,2925821.0,2024-02-13 05:35:04.155000+00:00,-3,-1,-1
612,2925822.0,2024-02-13 05:35:04.664000+00:00,-3,-1,-1
613,2925823.0,2024-02-13 05:34:58.129000+00:00,-3,-1,807
614,2925824.0,2024-02-13 05:35:15.098000+00:00,-3,-1,-1
615,2925825.0,2024-02-13 05:35:28.151000+00:00,-3,-1,-1
616,2925826.0,2024-02-13 05:35:28.167000+00:00,-3,-1,-1
617,2925827.0,2024-02-13 05:35:28.775000+00:00,4,1121317,70
618,2925828.0,2024-02-13 05:35:29.548000+00:00,1,31022042493,68
619,2925829.0,2024-02-13 05:35:32.271000+00:00,-3,-1,-1
620,2925830.0,2024-02-13 05:35:28.775000+00:00,4,1121317,70
621,2925831.0,2024-02-13 05:35:39.248000+00:00,-3,-1,807
622,2925832.0,2024-02-13 05:35:29.548000+00:00,1,31022042493,68
623,2925833.0,2024-02-13 05:35:43.149000+00:00,-3,-1,-1
624,2925834.0,2024-02-13 05:35:39.248000+00:00,-3,-1,807
625,2925835.0,2024-02-13 05:35:54.350000+00:00,1,31022042493,68
626,2925836.0,2024-02-13 05:35:57.485000+00:00,-3,-1,-1
627,2925837.0,2024-02-13 05:35:54.350000+00:00,1,31022042493,68
628,2925838.0,2024-02-13 05:36:09.661000+00:00,12,953687751,74
629,2925839.0,2024-02-13 05:36:09.672000+00:00,6,426275198,139
630,2925840.0,2024-02-13 05:36:15.836000+00:00,-3,-1,-1
631,2925841.0,2024-02-13 05:36:09.672000+00:00,6,426275198,139
632,2925842.0,2024-02-13 05:36:09.661000+00:00,12,953687751,74
633,2925843.0,2024-02-13 05:36:28.514000+00:00,-3,-1,-1
634,2925844.0,2024-02-13 05:36:38.904000+00:00,22,1148778676,54
635,2925845.0,2024-02-13 05:36:43.615000+00:00,12,953687751,74
636,2925846.0,2024-02-13 05:36:44.307000+00:00,-3,-1,-1
637,2925847.0,2024-02-13 05:36:38.904000+00:00,22,1148778676,54
638,2925848.0,2024-02-13 05:36:43.615000+00:00,12,953687751,74
639,2925849.0,2024-02-13 05:36:56.341000+00:00,-3,-1,-1
640,2925850.0,2024-02-13 05:36:59.058000+00:00,-3,-1,-1
641,2925851.0,2024-02-13 05:37:08.694000+00:00,22,1148778676,54
642,2925852.0,2024-02-13 05:37:11.494000+00:00,-3,-1,-1
643,2925853.0,2024-02-13 05:37:08.694000+00:00,22,1148778676,54
644,2925854.0,2024-02-13 05:37:40.622000+00:00,2,250000000,84
645,2925855.0,2024-02-13 05:37:43.505000+00:00,-3,-1,-1
646,2925856.0,2024-02-13 05:37:40.622000+00:00,2,250000000,84
647,2925857.0,2024-02-13 05:37:54.784000+00:00,-3,-1,-1
648,2925858.0,2024-02-13 05:38:18.602000+00:00,2,250000000,84
649,2925859.0,2024-02-13 05:38:20.648000+00:00,-3,-1,-1
650,2925860.0,2024-02-13 05:38:18.602000+00:00,2,250000000,84
651,2925861.0,2024-02-13 05:39:08.634000+00:00,-3,-1,-1
652,2925862.0,2024-02-13 05:39:25.970000+00:00,-3,-1,-1
653,2925863.0,2024-02-13 05:39:40.072000+00:00,-3,-1,-1
654,2925864.0,2024-02-13 05:39:44.543000+00:00,-3,-1,-1
655,2925865.0,2024-02-13 05:39:47.195000+00:00,-3,-1,-1
656,2925866.0,2024-02-13 05:39:47.208000+00:00,-3,-1,-1
657,2925867.0,2024-02-13 05:39:40.072000+00:00,-3,-1,-1
658,2925868.0,2024-02-13 05:39:56.679000+00:00,-3,-1,-1
659,2925869.0,2024-02-13 05:39:57.399000+00:00,5,32700000000,13
660,2925870.0,2024-02-13 05:40:07.629000+00:00,-3,-1,-1
661,2925871.0,2024-02-13 05:40:12.294000+00:00,-3,-1,-1
662,2925872.0,2024-02-13 05:39:57.399000+00:00,5,32700000000,13
663,2925873.0,2024-02-13 05:40:20.702000+00:00,-3,-1,-1
664,2925874.0,2024-02-13 05:40:28.526000+00:00,7,0,370
665,2925875.0,2024-02-13 05:40:30.287000+00:00,9,0,1
666,2925876.0,2024-02-13 05:40:30.312000+00:00,2,0,187
667,2925877.0,2024-02-13 05:40:20.702000+00:00,-3,-1,-1
668,2925878.0,2024-02-13 05:40:36.478000+00:00,-3,-1,-1
669,2925879.0,2024-02-13 05:40:28.526000+00:00,7,0,370
670,2925880.0,2024-02-13 05:40:43.713000+00:00,-3,0,1063
671,2925881.0,2024-02-13 05:40:30.287000+00:00,9,0,1
672,2925882.0,2024-02-13 05:40:30.312000+00:00,2,0,187
673,2925883.0,2024-02-13 05:40:47.751000+00:00,-3,-1,-1
674,2925884.0,2024-02-13 05:40:47.865000+00:00,-3,-1,-1
675,2925885.0,2024-02-13 05:40:50.022000+00:00,-3,-1,-1
676,2925886.0,2024-02-13 05:40:57.528000+00:00,-3,-1,-1
677,2925887.0,2024-02-13 05:40:58.650000+00:00,9,0,1
678,2925888.0,2024-02-13 05:40:43.713000+00:00,-3,0,1063
679,2925889.0,2024-02-13 05:41:00.652000+00:00,-3,-1,-1
680,2925890.0,2024-02-13 05:40:58.650000+00:00,9,0,1
681,2925891.0,2024-02-13 05:41:19.831000+00:00,-3,-1,-1
682,2925892.0,2024-02-13 05:41:25.260000+00:00,-3,0,1063
683,2925893.0,2024-02-13 05:41:30.521000+00:00,13,0,4
684,2925894.0,2024-02-13 05:41:25.260000+00:00,-3,0,1063
685,2925895.0,2024-02-13 05:41:37.195000+00:00,-3,-1,-1
686,2925896.0,2024-02-13 05:41:39.703000+00:00,-3,-1,-1
687,2925897.0,2024-02-13 05:41:30.521000+00:00,13,0,4
688,2925898.0,2024-02-13 05:41:55.775000+00:00,-3,-1,-1
689,2925899.0,2024-02-13 05:42:00.520000+00:00,3,0,0
690,2925900.0,2024-02-13 05:42:01.215000+00:00,1,1483485809,294
691,2925901.0,2024-02-13 05:42:07.558000+00:00,13,0,4
692,2925902.0,2024-02-13 05:42:00.520000+00:00,3,0,0
693,2925903.0,2024-02-13 05:42:07.558000+00:00,13,0,4
694,2925904.0,2024-02-13 05:42:01.215000+00:00,1,1483485809,294
695,2925905.0,2024-02-13 05:42:30.262000+00:00,-3,-1,-1
696,2925906.0,2024-02-13 05:42:33.202000+00:00,-3,-1,-1
697,2925907.0,2024-02-13 05:43:04.731000+00:00,2,0,1330
698,2925908.0,2024-02-13 05:43:12.550000+00:00,-3,-1,-1
699,2925909.0,2024-02-13 05:43:21.082000+00:00,-3,-1,-1
700,2925910.0,2024-02-13 05:43:21.324000+00:00,-3,-1,-1
701,2925911.0,2024-02-13 05:43:04.731000+00:00,2,0,1330
702,2925912.0,2024-02-13 05:43:22.748000+00:00,-3,-1,-1
703,2925913.0,2024-02-13 05:43:24.233000+00:00,-3,-1,-1
704,2925914.0,2024-02-13 05:43:29.909000+00:00,-3,-1,-1
705,2925915.0,2024-02-13 05:43:32.060000+00:00,-3,-1,-1
706,2925916.0,2024-02-13 05:43:35.211000+00:00,-3,-1,-1
707,2925917.0,2024-02-13 05:43:41.556000+00:00,2,0,1330
708,2925918.0,2024-02-13 05:43:44.564000+00:00,-3,-1,-1
709,2925919.0,2024-02-13 05:43:52.547000+00:00,7,0,122
710,2925920.0,2024-02-13 05:43:54.079000+00:00,-3,-1,-1
711,2925921.0,2024-02-13 05:43:41.556000+00:00,2,0,1330
712,2925922.0,2024-02-13 05:43:59.149000+00:00,-3,-1,-1
713,2925923.0,2024-02-13 05:43:59.364000+00:00,-3,-1,-1
714,2925924.0,2024-02-13 05:44:06.645000+00:00,-3,0,1357
715,2925925.0,2024-02-13 05:43:52.547000+00:00,7,0,122
716,2925926.0,2024-02-13 05:43:54.079000+00:00,-3,-1,-1
717,2925927.0,2024-02-13 05:44:09.923000+00:00,-3,-1,-1
718,2925928.0,2024-02-13 05:44:11.658000+00:00,3,3281945205,151
719,2925929.0,2024-02-13 05:44:12.764000+00:00,-3,0,195
720,2925930.0,2024-02-13 05:44:13.328000+00:00,-3,-1,-1
721,2925931.0,2024-02-13 05:44:21.629000+00:00,-3,-1,-1
722,2925932.0,2024-02-13 05:44:22.744000+00:00,-3,-1,-1
723,2925933.0,2024-02-13 05:44:22.868000+00:00,-3,-1,-1
724,2925934.0,2024-02-13 05:44:06.645000+00:00,-3,0,1357
725,2925935.0,2024-02-13 05:44:23.559000+00:00,6,491809096,118
726,2925936.0,2024-02-13 05:44:24.701000+00:00,-3,-1,-1
727,2925937.0,2024-02-13 05:44:12.764000+00:00,-3,0,195
728,2925938.0,2024-02-13 05:44:31.284000+00:00,-3,-1,-1
729,2925939.0,2024-02-13 05:44:11.658000+00:00,3,3281945205,151
730,2925940.0,2024-02-13 05:44:21.629000+00:00,-3,-1,-1
731,2925941.0,2024-02-13 05:44:33.747000+00:00,-3,-1,-1
732,2925942.0,2024-02-13 05:44:34.186000+00:00,-3,-1,-1
733,2925943.0,2024-02-13 05:44:37.477000+00:00,-3,0,1357
734,2925944.0,2024-02-13 05:44:23.559000+00:00,6,491809096,118
735,2925945.0,2024-02-13 05:44:37.477000+00:00,-3,0,1357
736,2925946.0,2024-02-13 05:44:50.151000+00:00,-3,-1,-1
737,2925947.0,2024-02-13 05:44:54.247000+00:00,3,3281945205,151
738,2925948.0,2024-02-13 05:45:02.666000+00:00,2,0,-1
739,2925949.0,2024-02-13 05:44:54.247000+00:00,3,3281945205,151
740,2925950.0,2024-02-13 05:45:07.161000+00:00,-3,-1,-1
741,2925951.0,2024-02-13 05:45:02.666000+00:00,2,0,-1
742,2925952.0,2024-02-13 05:45:17.965000+00:00,-3,-1,-1
743,2925953.0,2024-02-13 05:45:31.940000+00:00,66,3319227081,71
744,2925954.0,2024-02-13 05:45:31.940000+00:00,66,3319227081,71
745,2925955.0,2024-02-13 05:46:08.928000+00:00,2,0,-1
746,2925956.0,2024-02-13 05:46:08.928000+00:00,2,0,-1
747,2925957.0,2024-02-13 05:46:35.477000+00:00,-3,-1,-1
748,2925958.0,2024-02-13 05:46:38.967000+00:00,-3,-1,-1
749,2925959.0,2024-02-13 05:46:51.901000+00:00,-3,-1,-1
750,2925960.0,2024-02-13 05:47:07.460000+00:00,10,4681739639,88
751,2925961.0,2024-02-13 05:47:20.547000+00:00,6,1923205715,168
752,2925962.0,2024-02-13 05:47:23.616000+00:00,6,10435758829,172
753,2925963.0,2024-02-13 05:47:26.181000+00:00,-3,-1,-1
754,2925964.0,2024-02-13 05:47:27.494000+00:00,-3,-1,-1
755,2925965.0,2024-02-13 05:47:07.460000+00:00,10,4681739639,88
756,2925966.0,2024-02-13 05:47:20.547000+00:00,6,1923205715,168
757,2925967.0,2024-02-13 05:47:23.616000+00:00,6,10435758829,172
758,2925968.0,2024-02-13 05:47:38.880000+00:00,-3,-1,-1
759,2925969.0,2024-02-13 05:47:39.325000+00:00,-3,-1,-1
760,2925970.0,2024-02-13 05:47:49.331000+00:00,-3,-1,-1
761,2925971.0,2024-02-13 05:47:50.052000+00:00,6,10435758829,172
762,2925972.0,2024-02-13 05:47:51.398000+00:00,6,1923205715,168
763,2925973.0,2024-02-13 05:47:50.052000+00:00,6,10435758829,172
764,2925974.0,2024-02-13 05:47:51.398000+00:00,6,1923205715,168
765,2925975.0,2024-02-13 05:48:30.987000+00:00,-3,0,-1
766,2925976.0,2024-02-13 05:48:37+00:00,-3,-1,-1
767,2925977.0,2024-02-13 05:48:30.987000+00:00,-3,0,-1
768,2925978.0,2024-02-13 05:48:47.520000+00:00,-3,-1,-1
769,2925979.0,2024-02-13 05:48:58.876000+00:00,-3,-1,-1
770,2925980.0,2024-02-13 05:49:10.761000+00:00,-3,0,-1
771,2925981.0,2024-02-13 05:49:10.761000+00:00,-3,0,-1
772,2925982.0,2024-02-13 05:49:30.407000+00:00,3,0,992
773,2925983.0,2024-02-13 05:49:35.448000+00:00,-3,-1,-1
774,2925984.0,2024-02-13 05:49:30.407000+00:00,3,0,992
775,2925985.0,2024-02-13 05:49:47.209000+00:00,-3,-1,-1
776,2925986.0,2024-02-13 05:49:58.839000+00:00,3,0,992
777,2925987.0,2024-02-13 05:50:00.865000+00:00,-3,-1,-1
778,2925988.0,2024-02-13 05:49:58.839000+00:00,3,0,992
779,2925989.0,2024-02-13 05:50:15.293000+00:00,-3,-1,-1
780,2925990.0,2024-02-13 05:50:34.981000+00:00,-3,-1,-1
781,2925991.0,2024-02-13 05:51:09.368000+00:00,4,11942774100,95
782,2925992.0,2024-02-13 05:51:11.403000+00:00,-3,-1,-1
783,2925993.0,2024-02-13 05:51:18.390000+00:00,-3,-1,-1
784,2925994.0,2024-02-13 05:51:28.357000+00:00,-3,-1,-1
785,2925995.0,2024-02-13 05:51:09.368000+00:00,4,11942774100,95
786,2925996.0,2024-02-13 05:51:34.517000+00:00,-3,-1,-1
787,2925997.0,2024-02-13 05:51:42.925000+00:00,2,1494204,1023
788,2925998.0,2024-02-13 05:51:46.364000+00:00,4,11942774100,95
789,2925999.0,2024-02-13 05:51:42.925000+00:00,2,1494204,1023
790,2926000.0,2024-02-13 05:51:46.364000+00:00,4,11942774100,95
791,2926001.0,2024-02-13 05:52:09.786000+00:00,-3,-1,-1
792,2926002.0,2024-02-13 05:52:15.963000+00:00,-3,-1,-1
793,2926003.0,2024-02-13 05:52:22.149000+00:00,-3,-1,-1
794,2926004.0,2024-02-13 05:52:09.786000+00:00,-3,-1,-1
795,2926005.0,2024-02-13 05:52:27.063000+00:00,-3,-1,-1
796,2926006.0,2024-02-13 05:52:38.435000+00:00,-3,-1,-1
797,2926007.0,2024-02-13 05:52:38.435000+00:00,-3,-1,-1
798,2926008.0,2024-02-13 05:52:53.760000+00:00,2,0,-1
799,2926009.0,2024-02-13 05:52:54.568000+00:00,-3,-1,-1
800,2926010.0,2024-02-13 05:52:53.760000+00:00,2,0,-1
801,2926011.0,2024-02-13 05:53:05.130000+00:00,-3,-1,-1
802,2926012.0,2024-02-13 05:53:17.284000+00:00,-3,-1,-1
803,2926013.0,2024-02-13 05:53:26.749000+00:00,2,0,-1
804,2926014.0,2024-02-13 05:53:26.749000+00:00,2,0,-1
805,2926015.0,2024-02-13 05:53:54.634000+00:00,-3,-1,-1
806,2926016.0,2024-02-13 05:53:58.793000+00:00,2,0,187
807,2926017.0,2024-02-13 05:54:10.516000+00:00,-3,-1,-1
808,2926018.0,2024-02-13 05:53:58.793000+00:00,2,0,187
809,2926019.0,2024-02-13 05:54:26.194000+00:00,31,0,378
810,2926020.0,2024-02-13 05:54:26.194000+00:00,31,0,378
811,2926021.0,2024-02-13 05:54:42.028000+00:00,5,0,147
812,2926022.0,2024-02-13 05:54:42.059000+00:00,-3,-1,-1
813,2926023.0,2024-02-13 05:54:42.028000+00:00,5,0,147
814,2926024.0,2024-02-13 05:55:13.643000+00:00,6,2655000001,68
815,2926025.0,2024-02-13 05:55:15.861000+00:00,-3,-1,-1
816,2926026.0,2024-02-13 05:55:13.643000+00:00,6,2655000001,68
817,2926027.0,2024-02-13 05:55:45.956000+00:00,-3,-1,-1
818,2926028.0,2024-02-13 05:55:47.604000+00:00,1,0,-1
819,2926029.0,2024-02-13 05:55:47.604000+00:00,1,0,-1
820,2926030.0,2024-02-13 05:56:10.877000+00:00,2,250000000,84
821,2926031.0,2024-02-13 05:56:14.788000+00:00,-3,-1,-1
822,2926032.0,2024-02-13 05:56:10.877000+00:00,2,250000000,84
823,2926033.0,2024-02-13 05:56:35.945000+00:00,-3,-1,-1
824,2926034.0,2024-02-13 05:56:36.930000+00:00,-3,-1,-1
825,2926035.0,2024-02-13 05:56:41.187000+00:00,-3,-1,-1
826,2926036.0,2024-02-13 05:56:42.853000+00:00,-3,-1,-1
827,2926037.0,2024-02-13 05:56:46.312000+00:00,10,0,8
828,2926038.0,2024-02-13 05:56:52.078000+00:00,-3,-1,-1
829,2926039.0,2024-02-13 05:56:46.312000+00:00,10,0,8
830,2926040.0,2024-02-13 05:57:05.242000+00:00,-3,-1,-1
831,2926041.0,2024-02-13 05:57:07.503000+00:00,2,0,13
832,2926042.0,2024-02-13 05:57:11.923000+00:00,-3,-1,-1
833,2926043.0,2024-02-13 05:57:12.578000+00:00,47,1046032985,48
834,2926044.0,2024-02-13 05:57:14.443000+00:00,2,0,1062
835,2926045.0,2024-02-13 05:57:17.144000+00:00,10,0,8
836,2926046.0,2024-02-13 05:57:19.458000+00:00,-3,-1,-1
837,2926047.0,2024-02-13 05:57:20.258000+00:00,-3,-1,-1
838,2926048.0,2024-02-13 05:57:07.503000+00:00,2,0,13
839,2926049.0,2024-02-13 05:57:23.202000+00:00,-3,-1,-1
840,2926050.0,2024-02-13 05:57:23.543000+00:00,-3,-1,-1
841,2926051.0,2024-02-13 05:57:12.578000+00:00,47,1046032985,48
842,2926052.0,2024-02-13 05:57:14.443000+00:00,2,0,1062
843,2926053.0,2024-02-13 05:57:17.144000+00:00,10,0,8
844,2926054.0,2024-02-13 05:57:32.805000+00:00,-3,-1,-1
845,2926055.0,2024-02-13 05:57:34.908000+00:00,-3,-1,-1
846,2926056.0,2024-02-13 05:57:35.231000+00:00,2,0,13
847,2926057.0,2024-02-13 05:57:36.791000+00:00,-3,-1,-1
848,2926058.0,2024-02-13 05:57:44.524000+00:00,47,1046032985,48
849,2926059.0,2024-02-13 05:57:48.491000+00:00,-3,-1,-1
850,2926060.0,2024-02-13 05:57:35.231000+00:00,2,0,13
851,2926061.0,2024-02-13 05:57:49.945000+00:00,-3,-1,-1
852,2926062.0,2024-02-13 05:57:51.954000+00:00,-3,-1,-1
853,2926063.0,2024-02-13 05:57:44.524000+00:00,47,1046032985,48
854,2926064.0,2024-02-13 05:58:04.132000+00:00,-3,-1,-1
855,2926065.0,2024-02-13 05:58:07.693000+00:00,-3,-1,-1
856,2926066.0,2024-02-13 05:58:15.374000+00:00,-3,7269311925,1557
857,2926067.0,2024-02-13 05:58:21.526000+00:00,-3,-1,-1
858,2926068.0,2024-02-13 05:58:23.049000+00:00,-3,-1,-1
859,2926069.0,2024-02-13 05:58:23.326000+00:00,20,3055510510,15
860,2926070.0,2024-02-13 05:58:15.374000+00:00,-3,7269311925,1557
861,2926071.0,2024-02-13 05:58:23.326000+00:00,20,3055510510,15
862,2926072.0,2024-02-13 05:58:49.357000+00:00,1,0,-1
863,2926073.0,2024-02-13 05:58:55.118000+00:00,-3,-1,-1
864,2926074.0,2024-02-13 05:59:03.138000+00:00,-3,-1,-1
865,2926075.0,2024-02-13 05:59:04.569000+00:00,6,967499164,172
866,2926076.0,2024-02-13 05:58:49.357000+00:00,1,0,-1
867,2926077.0,2024-02-13 05:59:05.777000+00:00,-3,-1,-1
868,2926078.0,2024-02-13 05:59:09.575000+00:00,-3,-1,-1
869,2926079.0,2024-02-13 05:59:16.868000+00:00,1,0,-1
870,2926080.0,2024-02-13 05:59:03.138000+00:00,-3,-1,-1
871,2926081.0,2024-02-13 05:59:04.569000+00:00,6,967499164,172
872,2926082.0,2024-02-13 05:59:20.535000+00:00,-3,-1,-1
873,2926083.0,2024-02-13 05:59:25.468000+00:00,-3,-1,-1
874,2926084.0,2024-02-13 05:59:16.868000+00:00,1,0,-1
875,2926085.0,2024-02-13 05:59:40.321000+00:00,-3,-1,-1
876,2926086.0,2024-02-13 05:59:42.541000+00:00,-3,-1,-1
877,2926087.0,2024-02-13 05:59:42.541000+00:00,-3,-1,-1
878,2926088.0,2024-02-13 05:59:57.230000+00:00,4,259607921,267
879,2926089.0,2024-02-13 05:59:57.230000+00:00,4,259607921,267
880,2926090.0,2024-02-13 06:00:22.025000+00:00,-3,297334099,257
881,2926091.0,2024-02-13 06:00:27.035000+00:00,-3,-1,-1
882,2926092.0,2024-02-13 06:00:22.025000+00:00,-3,297334099,257
883,2926093.0,2024-02-13 06:00:38.495000+00:00,-3,-1,-1
884,2926094.0,2024-02-13 06:00:51.515000+00:00,-3,297334099,257
885,2926095.0,2024-02-13 06:00:53.030000+00:00,-3,-1,-1
886,2926096.0,2024-02-13 06:00:51.515000+00:00,-3,297334099,257
887,2926097.0,2024-02-13 06:01:05.106000+00:00,-3,-1,-1
888,2926098.0,2024-02-13 06:01:15.958000+00:00,-3,-1,-1
889,2926099.0,2024-02-13 06:01:43.661000+00:00,-3,-1,-1
890,2926100.0,2024-02-13 06:01:44.591000+00:00,-3,-1,-1
891,2926101.0,2024-02-13 06:01:47.495000+00:00,6,2845763433,146
892,2926102.0,2024-02-13 06:01:47.495000+00:00,6,2845763433,146
893,2926103.0,2024-02-13 06:02:12.230000+00:00,-3,-1,-1
894,2926104.0,2024-02-13 06:02:15.113000+00:00,28,737240233,8
895,2926105.0,2024-02-13 06:02:15.791000+00:00,2,0,-1
896,2926106.0,2024-02-13 06:02:20.188000+00:00,-3,-1,-1
897,2926107.0,2024-02-13 06:02:15.791000+00:00,2,0,-1
898,2926108.0,2024-02-13 06:02:30.622000+00:00,-3,-1,-1
899,2926109.0,2024-02-13 06:02:15.113000+00:00,28,737240233,8
900,2926110.0,2024-02-13 06:02:33.237000+00:00,-3,-1,-1
901,2926111.0,2024-02-13 06:02:33.452000+00:00,-3,297334099,257
902,2926112.0,2024-02-13 06:02:40.394000+00:00,-3,-1,-1
903,2926113.0,2024-02-13 06:02:42.656000+00:00,2,0,-1
904,2926114.0,2024-02-13 06:02:33.452000+00:00,-3,297334099,257
905,2926115.0,2024-02-13 06:02:43.786000+00:00,1,18187711912,817
906,2926116.0,2024-02-13 06:02:43.829000+00:00,-3,-1,-1
907,2926117.0,2024-02-13 06:02:50.882000+00:00,2,0,13
908,2926118.0,2024-02-13 06:02:51.400000+00:00,-3,-1,-1
909,2926119.0,2024-02-13 06:02:53.704000+00:00,-3,-1,-1
910,2926120.0,2024-02-13 06:02:42.656000+00:00,2,0,-1
911,2926121.0,2024-02-13 06:02:55.176000+00:00,-3,-1,-1
912,2926122.0,2024-02-13 06:02:56.261000+00:00,-3,-1,-1
913,2926123.0,2024-02-13 06:02:50.882000+00:00,2,0,13
914,2926124.0,2024-02-13 06:02:43.786000+00:00,1,18187711912,817
915,2926125.0,2024-02-13 06:03:03.145000+00:00,-3,-1,-1
916,2926126.0,2024-02-13 06:03:04.853000+00:00,-3,-1,-1
917,2926127.0,2024-02-13 06:03:13.839000+00:00,-3,-1,-1
918,2926128.0,2024-02-13 06:03:17.932000+00:00,-3,-1,-1
919,2926129.0,2024-02-13 06:03:19.138000+00:00,1,18187711912,817
920,2926130.0,2024-02-13 06:03:25.123000+00:00,-3,-1,-1
921,2926131.0,2024-02-13 06:03:27.839000+00:00,-3,-1,-1
922,2926132.0,2024-02-13 06:03:29.179000+00:00,-3,-1,-1
923,2926133.0,2024-02-13 06:03:19.138000+00:00,1,18187711912,817
924,2926134.0,2024-02-13 06:03:34.403000+00:00,-3,0,1359
925,2926135.0,2024-02-13 06:03:25.123000+00:00,-3,-1,-1
926,2926136.0,2024-02-13 06:03:38.543000+00:00,-3,-1,-1
927,2926137.0,2024-02-13 06:03:38.695000+00:00,-3,-1,-1
928,2926138.0,2024-02-13 06:03:39.710000+00:00,47,1046032985,48
929,2926139.0,2024-02-13 06:03:34.403000+00:00,-3,0,1359
930,2926140.0,2024-02-13 06:03:49.625000+00:00,-3,-1,-1
931,2926141.0,2024-02-13 06:03:39.710000+00:00,47,1046032985,48
932,2926142.0,2024-02-13 06:03:54.056000+00:00,-3,-1,-1
933,2926143.0,2024-02-13 06:03:59.048000+00:00,-3,-1,-1
934,2926144.0,2024-02-13 06:03:59.460000+00:00,-3,0,1639
935,2926145.0,2024-02-13 06:03:59.980000+00:00,-3,-1,-1
936,2926146.0,2024-02-13 06:04:01.300000+00:00,-3,0,1359
937,2926147.0,2024-02-13 06:04:03.579000+00:00,-3,-1,-1
938,2926148.0,2024-02-13 06:04:04.769000+00:00,-3,-1,-1
939,2926149.0,2024-02-13 06:04:07.101000+00:00,-3,-1,-1
940,2926150.0,2024-02-13 06:03:59.980000+00:00,-3,-1,-1
941,2926151.0,2024-02-13 06:04:01.300000+00:00,-3,0,1359
942,2926152.0,2024-02-13 06:03:59.460000+00:00,-3,0,1639
943,2926153.0,2024-02-13 06:04:15.989000+00:00,-3,-1,-1
944,2926154.0,2024-02-13 06:04:16.038000+00:00,-3,-1,-1
945,2926155.0,2024-02-13 06:04:25.377000+00:00,-3,505555560,309
946,2926156.0,2024-02-13 06:04:29.153000+00:00,-3,0,1639
947,2926157.0,2024-02-13 06:04:30.885000+00:00,-3,-1,-1
948,2926158.0,2024-02-13 06:04:32.091000+00:00,-3,-1,-1
949,2926159.0,2024-02-13 06:04:40.516000+00:00,3,0,-1
950,2926160.0,2024-02-13 06:04:29.153000+00:00,-3,0,1639
951,2926161.0,2024-02-13 06:04:25.377000+00:00,-3,505555560,309
952,2926162.0,2024-02-13 06:04:42.708000+00:00,-3,-1,-1
953,2926163.0,2024-02-13 06:04:43.111000+00:00,-3,-1,-1
954,2926164.0,2024-02-13 06:04:45.183000+00:00,-3,-1,-1
955,2926165.0,2024-02-13 06:04:53.623000+00:00,-3,-1,-1
956,2926166.0,2024-02-13 06:04:54.827000+00:00,-3,505555560,309
957,2926167.0,2024-02-13 06:04:40.516000+00:00,3,0,-1
958,2926168.0,2024-02-13 06:04:56.113000+00:00,-3,-1,-1
959,2926169.0,2024-02-13 06:04:56.569000+00:00,-3,-1,-1
960,2926170.0,2024-02-13 06:04:54.827000+00:00,-3,505555560,309
961,2926171.0,2024-02-13 06:05:09.883000+00:00,-3,-1,-1
962,2926172.0,2024-02-13 06:05:18+00:00,3,0,-1
963,2926173.0,2024-02-13 06:05:24.987000+00:00,1,0,-1
964,2926174.0,2024-02-13 06:05:28.316000+00:00,-3,-1,-1
965,2926175.0,2024-02-13 06:05:18+00:00,3,0,-1
966,2926176.0,2024-02-13 06:05:33.511000+00:00,-3,-1,-1
967,2926177.0,2024-02-13 06:05:24.987000+00:00,1,0,-1
968,2926178.0,2024-02-13 06:05:39.365000+00:00,-3,-1,-1
969,2926179.0,2024-02-13 06:06:00.071000+00:00,-3,-1,-1
970,2926180.0,2024-02-13 06:06:01.101000+00:00,1,0,-1
971,2926181.0,2024-02-13 06:06:10.451000+00:00,-3,-1,-1
972,2926182.0,2024-02-13 06:06:10.693000+00:00,-3,0,1359
973,2926183.0,2024-02-13 06:06:01.101000+00:00,1,0,-1
974,2926184.0,2024-02-13 06:06:15.119000+00:00,4,1766563873,155
975,2926185.0,2024-02-13 06:06:10.693000+00:00,-3,0,1359
976,2926186.0,2024-02-13 06:06:15.119000+00:00,4,1766563873,155
977,2926187.0,2024-02-13 06:06:33.068000+00:00,-3,-1,-1
978,2926188.0,2024-02-13 06:06:35.049000+00:00,-3,-1,-1
979,2926189.0,2024-02-13 06:06:41.451000+00:00,2,0,-1
980,2926190.0,2024-02-13 06:06:49.205000+00:00,-3,-1,-1
981,2926191.0,2024-02-13 06:06:41.451000+00:00,2,0,-1
982,2926192.0,2024-02-13 06:07:00.067000+00:00,-3,-1,-1
983,2926193.0,2024-02-13 06:07:04.529000+00:00,13,1930703189,49
984,2926194.0,2024-02-13 06:07:04.529000+00:00,13,1930703189,49
985,2926195.0,2024-02-13 06:07:21.736000+00:00,2,0,-1
986,2926196.0,2024-02-13 06:07:21.736000+00:00,2,0,-1
987,2926197.0,2024-02-13 06:08:55.556000+00:00,-3,-1,-1
988,2926198.0,2024-02-13 06:09:22.836000+00:00,-3,-1,-1
989,2926199.0,2024-02-13 06:09:26.994000+00:00,-3,217320883,729
990,2926200.0,2024-02-13 06:09:31.020000+00:00,-3,-1,-1
991,2926201.0,2024-02-13 06:09:26.994000+00:00,-3,217320883,729
992,2926202.0,2024-02-13 06:09:42.309000+00:00,-3,-1,-1
993,2926203.0,2024-02-13 06:09:42.929000+00:00,-3,-1,-1
994,2926204.0,2024-02-13 06:09:48.104000+00:00,-3,-1,-1
995,2926205.0,2024-02-13 06:09:54.210000+00:00,-3,217320883,729
996,2926206.0,2024-02-13 06:09:54.306000+00:00,-3,-1,-1
997,2926207.0,2024-02-13 06:09:55.661000+00:00,-3,-1,-1
998,2926208.0,2024-02-13 06:09:57.024000+00:00,-3,-1,-1
999,2926209.0,2024-02-13 06:10:00.403000+00:00,-3,-1,-1
